Sr.No.,Employee Code,Employee Name, Basic,Grade Pay,DA 30%,HRA 20%,CLA,TA,WA,Oth,IT,Electricity and Water,Salary Deposit,Late mark deduction,Hospital Bill,Other Deduction
1,c10,Smt. Asha Bhiwaji Kalbhor,9067,1500,4861,2113,240,200,60,150,,,,,,
3,e02,Mrs. Lajwanti Narayan Athwal,9067,1500,4861,2113,240,200,60,0,,,,,,
4,d03,Mr. Somaji Chandrakant Kalbhor,9234,1500,4938,2147,240,200,60,0,,,,,,
5,d07,Mr. Prakash Narayan Pethkar,9932,2000,5489,2386,240,200,0,0,,,,,,
6,c12,Smt. Janabai Madhukar Banchod,8565,1500,4630,2013,240,200,60,0,,,,,,
7,c44,Mrs. Manda Baban Shedge,7294,1400,3999,1739,240,200,60,0,,,,,,
8,d08,Mrs. Manohar Damu Patil,11646,2100,6323,2749,240,200,0,0,,,,,,
9,A02,Dr. Savita Kaluram Agwane,15785,4300,9239,4017,240,200,0,0,,,,,,
10,b05,Mrs. Mandakini Kailas Chandgude,12838,2100,6871,2988,240,200,60,250,,,,,,
11,b06,Mrs. Vimal Ashok  Jadhav,14687,2900,8090,3517,240,200,60,250,,,,,,
13,v07,Mrs. Sharada Ashok More,,,,,,,,26000,,,,,,
15,e05,Mrs. Shobha Balasaheb Bhosale,6572,1300,3621,1574,240,200,60,0,,,,,,
16,b11,Mrs. Shamim Ishaq Shaikh,11646,2100,6323,2749,240,200,60,0,,,,,,
18,e07,Mrs. Manibai Natha Makwana,7891,1400,4274,1858,240,200,60,0,,,,,,
19,b10,Mrs. Shobha Kishor Pachpande,12122,2100,6542,2844,240,200,60,0,,,,,,
20,c15,Mrs. Vijaya Shamrao Nikam,8064,1500,4399,1913,240,200,60,0,,,,,,
21,c20,Smt. Mandakini Baban Dhawale,7891,1400,4274,1858,240,200,60,0,,,,,,
22,c16,Mrs. Vaishali Suresh Tupe,7891,1400,4274,1858,240,200,60,0,,,,,,
23,d14,Mr. Ratan Pandurang Sanas,7891,1400,4274,1858,240,200,60,0,,,,,,
24,c18,Mrs. Kamleshkumari Bavanna Bagalkoti,7620,1400,4149,1804,240,200,60,0,,,,,,
25,c17,Mrs. Sanjeevani Daniyal Masy,7620,1400,4149,1804,240,200,60,0,,,,,,
26,c24,Mrs. Parvati Mahadev` Lakade,7891,1400,4274,1858,240,200,60,0,,,,,,
27,c19,Mrs. Jayashree Suresh Pawar,7891,1400,4274,1858,240,200,60,0,,,,,,
28,d19,Mr. Baban Laxman Raddi,9974,2100,5554,2415,240,200,0,0,,,,,,
29,d10,Mrs. Lalita Manohar Patil,8291,1900,4688,2038,240,200,0,0,,,,,,
30,c23,Mrs. Mangala Manohar Gaikwad,7891,1400,4274,1858,240,200,60,0,,,,,,
31,b14,Mrs. Mangal Tanaji Bhapkar,11168,2100,6103,2654,240,200,60,300,,,,,,
32,e09,Smt. Kanta Raghuveere Chavan,7724,1400,4197,1825,240,200,60,0,,,,,,
33,d17,Mr. Yunus Mahammad Shaikh,8112,1900,4606,2002,240,200,0,0,,,,,,
34,c22,Smt. Mangal  Mahadev Mhaske,7724,1400,4197,1825,240,200,60,0,,,,,,
35,e11,Mrs. Nirmala Babasheb Pardeshi,7724,1400,4197,1825,240,200,60,0,,,,,,
36,c36,Mrs. Nalini Vijay Vairal,7581,1400,4131,1796,240,200,60,0,,,,,,
37,c27,Mrs. Sharda Suresh Bansode,7724,1400,4197,1825,240,200,60,0,,,,,,
38,A08,Dr. Pradnya Pradip Sambhus,17520,4600,10175,4424,240,200,0,0,,,,,,
39,d56,Mr. Hiraman Devedas Patil,7724,1400,4197,1825,240,200,60,0,,,,,,
40,d22,Mr. Sanjay Narayan Zakade,7724,1400,4197,1825,240,200,60,0,,,,,,
41,c32,Smt. Pushpa Shashikant Sali,7319,1400,4011,1744,240,200,60,0,,,,,,
42,c33,Mrs. Nanda Kumar Awale,7581,1400,4131,1796,240,200,60,0,,,,,,
43,e21,Mrs. Manju Rajendra Chaware,7581,1400,4131,1796,240,200,60,0,,,,,,
44,e13,Mrs. Raginee Jagadish Sarvan,7581,1400,4131,1796,240,200,60,0,,,,,,
45,e14,Mrs. Kiran Ramesh Bharwase,7581,1400,4131,1796,240,200,60,0,,,,,,
46,AA08,Mr. Sambhaji Ramchandra Poman,10452,2100,5774,2510,240,200,0,500,,,,,,
47,d27,Mr. Gajanan Janardhan Tayade,7933,1900,4523,1967,240,200,0,0,,,,,,
48,d15,Mrs. Sapana Hemraj Nevase,9736,2100,5445,2367,240,200,0,0,,,,,,
49,c37,Mrs. Shaila Prakash Pethkar,7437,1400,4065,1767,240,200,60,0,,,,,,
50,c42,Smt. Yashmin Amin Khan,7437,1400,4065,1767,240,200,60,0,,,,,,
51,c38,Mrs. Muktabai Shivaji Khaire,7437,1400,4065,1767,240,200,60,0,,,,,,
52,c40,Mrs. Ketaki Kiran Veer,7437,1400,4065,1767,240,200,60,150,,,,,,
53,c39,Mrs. Anuradha Dattatray Jadhav,7437,1400,4065,1767,240,200,60,100,,,,,,
54,c35,Mrs. Sangita Shashikant Thombre,7437,1400,4065,1767,240,200,60,0,,,,,,
56,c34,Mrs. Manda Bhalchandra Jagtap,7437,1400,4065,1767,240,200,60,0,,,,,,
57,e15,Mrs. Sarala Lakhmichand Kandare,7437,1400,4065,1767,240,200,60,0,,,,,,
58,e22,Smt. Ranjana Kailas Kade,7581,1400,4131,1796,240,200,60,0,,,,,,
59,b32,Mrs. Anita Ramchandra Shitkal,12251,2800,6923,3010,240,200,60,250,,,,,,
60,b31,Mrs. Urmila Suresh Kudale (Nevase),10452,2100,5774,2510,240,200,60,250,,,,,,
61,b37,Mrs. Surekha Santosh Nikam (Gadhave),10452,2100,5774,2510,240,200,60,250,,,,,,
62,b39,Mrs. Pankaja Kishor Bhujbal,11628,2800,6637,2886,240,200,60,300,,,,,,
63,d35,Mrs. Sangita Prashant Sarawade,9736,2100,5445,2367,240,200,0,0,,,,,,
64,d57,Mr. Chandrakant Motiram Jogdand,7151,1400,3933,1710,240,200,0,0,,,,,,
65,d32,Mrs. Sachi Mayuresh Nisal,9736,2100,5445,2367,240,200,0,0,,,,,,
66,d54,Mr. Khandu Sattar Pawar,6859,1300,3753,1632,240,200,60,0,,,,,,
67,b21,Mrs. Mahejabeen Riyazahmed shaikh,11986,2800,6802,2957,240,200,60,250,,,,,,
68,b46,Mrs. Shital Sanjay Sutar,11628,2800,6637,2886,240,200,60,250,,,,,,
69,d37,Mrs. Sarita Sunil Shintre,8470,1900,4770,2074,240,200,0,0,,,,,,
70,e23,Smt. Anita Satbir Chandaliya,7041,1400,3883,1688,240,200,60,0,,,,,,
71,d64,Mrs. Rohini Santosh Dhavale,7754,1900,4441,1931,240,200,0,0,,,,,,
72,e25,Mr. Khandu Kisan Kamble,7294,1400,3999,1739,240,200,60,200,,,,,,
73,e26,Mrs. Meena Suresh Lot,7294,1400,3999,1739,240,200,60,0,,,,,,
75,c46,Smt. Vandana Sunil Palkar,7294,1400,3999,1739,240,200,60,0,,,,,,
76,e32,Mrs. Monika Antoni Jumman,7294,1400,3999,1739,240,200,60,100,,,,,,
77,e24,Mrs. Pramila Narayan Kagada,7294,1400,3999,1739,240,200,60,0,,,,,,
78,d44,Mr. Santosh Vishwanathappa Gandhigude,7892,1400,4274,1858,240,200,60,0,,,,,,
79,d46,Mrs. Sangita Gorkhnath Hole,7754,1900,4441,1931,240,200,0,0,,,,,,
80,AA14,Mrs. Sushma Sampat Borawake,9497,2100,5335,2319,240,200,0,0,,,,,,
81,b51,Mrs. Uma Shivdas Dalvi,9974,2100,5554,2415,240,200,60,0,,,,,,
82,b54,Mrs. Rupali Sachin Gaikwad,9974,2100,5554,2415,240,200,60,0,,,,,,
83,c52,Mrs. Mangal Hanumant Kambale,7008,1400,3868,1682,240,200,60,0,,,,,,
84,c51,Mrs. Meena Prashant Kanase,7008,1400,3868,1682,240,200,60,0,,,,,,
85,c48,Smt. Nilima Bhushan Khire,7008,1400,3868,1682,240,200,60,0,,,,,,
86,b57,Mrs. Savita Satish Katake,10376,2800,6061,2635,240,200,60,0,,,,,,
87,c50,Smt. Hira Kamalakar Pawar,7008,1400,3868,1682,240,200,60,0,,,,,,
88,c49,Mrs. Kavita Dilip Pandit,7008,1400,3868,1682,240,200,60,100,,,,,,
90,d58,Mr. Rajaram Sitaram Koli,6859,1300,3753,1632,240,200,60,0,,,,,,
91,d60,Mr. Mahendra Bhimsingh Girase,6859,1300,3753,1632,240,200,60,0,,,,,,
92,d61,Mr. Subhash Dattatray  Jadhav,6859,1300,3753,1632,240,200,60,0,,,,,,
93,d62,Mr. Vijay Bhimsingh Girase,6859,1300,3753,1632,240,200,60,100,,,,,,
94,c47,Smt. Hema Sanjay Ghute,6858,1300,3753,1632,240,200,60,0,,,,,,
95,d48,Mrs. Swati Vijay Joshi,8572,2000,4863,2114,240,200,0,0,,,,,,
96,d45,Mr. Vijay Ashok Dhore,7151,1400,3933,1710,240,200,60,150,,,,,,
97,d50,Mr. Sanjay Laxman Kambale,9258,2100,5225,2272,240,200,0,100,,,,,,
100,b59,Mrs. Jacinta  John Paul,14135,2800,7790,3387,240,200,60,300,,,,,,
101,e28,Mrs. Seema Anil  Chatole,6621,1300,3644,1584,240,200,60,0,,,,,,
102,e29,Smt. Arati Virsing Bagadi,6859,1300,3753,1632,240,200,60,0,,,,,,
103,d59,Mr. Prakash Shravan Bagul,6572,1300,3621,1574,240,200,60,0,,,,,,
104,d09,Mrs. Jayshree Suraj Thite,7754,1900,4441,1931,240,200,0,0,,,,,,
105,e08,Mrs. Meera Satish Paul,8064,1500,4399,1913,240,200,60,0,,,,,,
106,d18,Mr. Arun Mahipati Gaikwad,7891,1400,4274,1858,240,200,60,0,,,,,,
107,b64,Mrs. Surekha Shankar Nikam (KOLTE),9258,2100,5225,2272,240,200,60,0,,,,,,
108,b65,Mrs. Varsha Tejas Bhalerao,8927,2100,5072,2205,240,200,60,0,,,,,,
109,AA13,Mr. Raghunath Babubhai Chaudhari,18667,4700,10749,4673,240,800,0,800,,,,,,
110,b70,Mrs. Shital Prakash Sapkal (Mhetre),9019,2100,5115,2224,240,200,60,0,,,,,,
111,b72,Mrs. Maya Hanumant Ambekar(Chaudhari),8695,2100,4966,2159,240,200,60,0,,,,,,
112,b73,Mrs. Swati Amol Pawar,9019,2100,5115,2224,240,200,60,0,,,,,,
114,A13,Dr. Ashwini Dnyaneshwar Darekar ( Biradar),12371,2800,6979,3034,240,200,0,0,,,,,,
115,c53,Mrs. Husena Gafar Shaikh,6572,1300,3621,1574,240,200,60,0,,,,,,
116,c55,Smt. Radha Vishnu Sanap,6572,1300,3621,1574,240,200,60,100,,,,,,
117,c56,Smt. Kirti Suresh Dorkar,6572,1300,3621,1574,240,200,60,0,,,,,,
118,A14,Dr. Arun Raghunath Pandav,13896,2800,7680,3339,240,200,0,0,,,,,,
119,b75,Mrs. Rupali  Laxman Jagtap ( Memane ),8172,2100,4725,2054,240,200,60,0,,,,,,
120,b76,Mrs. Asmita Vijay Hagawane (Daundkar),8172,2100,4725,2054,240,200,60,0,,,,,,
121,b78,Mrs. Hemlata  Ganesh Kapare,8172,2100,4725,2054,240,200,60,250,,,,,,
122,b80,Mrs. Smita Sudhir Tilekar,8172,2100,4725,2054,240,200,60,0,,,,,,
123,b81,Mrs. Rani  Prashant Bhagat,8172,2100,4725,2054,240,200,60,0,,,,,,
124,b82,Mrs. Surekha  Devendra Jadhav,8172,2100,4725,2054,240,200,60,0,,,,,,
125,e30,Mrs. Meenakshi Salavraj Farnandis,6429,1300,3555,1546,240,200,60,0,,,,,,
126,e31,Mrs. Nisha Sanjay Khatri,6429,1300,3555,1546,240,200,60,0,,,,,,
127,b83,Mrs. Anita Vittal Bhavar,8172,2100,4725,2054,240,200,60,0,,,,,,
128,d63,Mr. Mukesh Dilip Jadhav,6429,1300,3555,1546,240,200,60,0,,,,,,
129,b84,Mrs. Sujata Satish Gaikwad,7272,2000,4265,1854,240,200,60,0,,,,,,
130,b85,Miss. Rupali Virkant Ohol,7272,2000,4265,1854,240,200,60,250,,,,,,
131,b86,Mrs. Sukhada Ramchandra Bhise,7092,2000,4182,1818,240,200,60,0,,,,,,
132,b87,Mrs. Ashwini Nilesh Paigude,7272,2000,4265,1854,240,200,60,250,,,,,,
133,b88,Mrs. Rabbana  Aslam Jamadar,8369,2000,4770,2074,240,200,60,0,,,,,,
134,b89,Mrs. Sulbha Vishal Bhosale,8369,2000,4770,2074,240,200,60,250,,,,,,
135,b90,Mrs. Sandya Sunil Mhatre,7092,2000,4182,1818,240,200,60,0,,,,,,
136,b91,Mrs. Suman  Ashok Kudale,7092,2000,4182,1818,240,200,60,0,,,,,,
137,b92,Mrs. Tejashree Ganesh Bhujbal (kudale),7092,2000,4182,1818,240,200,60,300,,,,,,
138,b93,Mrs. Savita  Sunil Raut,7092,2000,4182,1818,240,200,60,0,,,,,,
139,b95,Mrs. Haseena Mehboob Shaikh,7092,2000,4182,1818,240,200,60,250,,,,,,
140,b96,Mrs. Sonali Vinod Dixit (Mahamuni),7092,2000,4182,1818,240,200,60,0,,,,,,
141,b97,Mrs. Ashwini Pramod Jagtap (Korpad),7092,2000,4182,1818,240,200,60,250,,,,,,
142,b98,Mrs. Varsha Rajaram Koli,7092,2000,4182,1818,240,200,60,0,,,,,,
143,b99,Mrs. Seema Anil Wagh (Aadak),8369,2000,4770,2074,240,200,60,250,,,,,,
144,d55,Mr. Surendra Sakaram Thite,6429,1300,3555,1546,240,200,60,0,,,,,,
145,c57,Mrs. Krushna Tukaram Kadam,5029,1300,2911,1266,240,200,60,0,,,,,,
146,v621,Mrs. Kamal Vishnu Dalavi,,,,,,,,6000,,,,,,
147,c59,Mrs. Kanchan Vijay Shinde,5029,1300,2911,1266,240,200,60,100,,,,,,
148,c60,Mrs. Madhavi Sanjay Patharkar,5219,1300,2999,1304,240,200,60,0,,,,,,
149,c61,Mrs. Ratnmala Balu Pethe,5219,1300,2999,1304,240,200,60,100,,,,,,
150,c62,Mrs. Kamal  Ramesh Ghodake,5219,1300,2999,1304,240,200,60,100,,,,,,
151,c63,Smt. Bharati Bharat Lad,5219,1300,2999,1304,240,200,60,100,,,,,,
152,c64,Mrs. Arati Ramesh Pillay,5219,1300,2999,1304,240,200,60,0,,,,,,
153,e33,Mrs. Suvarna Suraj Salunkhe,5219,1300,2999,1304,240,200,60,150,,,,,,
154,e34,Mrs. Shantabai Rama Gaikwad,5219,1300,2999,1304,240,200,60,0,,,,,,
155,e35,Mrs. Yamuna Nitin Kambale,5219,1300,2999,1304,240,200,60,0,,,,,,
156,e36,Mrs. Mery Shamuvel Bhandarkar,5219,1300,2999,1304,240,200,60,0,,,,,,
158,A17,Dr. Sachin Ramchandra Mahajan,11666,2600,6562,2853,240,200,0,0,,,,,,
159,b101,Mrs. Jayshree Hanumant Tekawade,4802,1500,2899,1260,240,200,60,300,,,,,,
160,b102,Mrs. Kavita Chagan Thorave,4802,1500,2899,1260,240,200,60,125,,,,,,
161,b100,Mrs. Anjana Mahendra Girase,4802,1500,2899,1260,240,200,60,0,,,,,,
162,b103,Mrs. Bharati Ravindra Jamadar,4802,1500,2899,1260,240,200,60,250,,,,,,
163,d65,Mr. Sharad Baban Shedage,4789,1300,2801,1218,240,200,60,100,,,,,,
164,d66,Mr. Ambaji Gajanan Saware,4789,1300,2801,1218,240,200,60,0,,,,,,
165,v443,Mr. Sandeep Dnyandev Bhalerao,,,,,,,,9000,,,,,,
166,AA9,Mr. Madhav Bhaguji Padwal,15909,4500,9388,4082,240,800,0,500,,,,,,
167,AA05,Mr. Bhagawan Jagannath Chaudhari,20098,4700,11407,4960,240,800,0,500,,,,,,
168,d02,Mr. Ram Mansaram Patil,13077,2100,6981,3035,240,200,60,500,,,,,,
169,d39,Mr. Ashok Pandurang Chaudhari,13077,2100,6981,3035,240,200,60,0,,,,,,
170,d11,Mr. Pralhad Pundalik Jadhav,8231,1500,4476,1946,240,200,60,0,,,,,,
172,A15,Dr. Chandrashekhar Ulhas Mahajan,19091,6000,11542,5018,240,1600,0,0,,,,,,
173,c65,Mrs. Yogita Khandu Pawar,4000,1300,2438,1060,240,200,60,150,,,,,,
174,c66,Mrs.Meenakshi Mallesh Balaki,4000,1300,2438,1060,240,200,60,100,,,,,,
175,e37,Mrs. Sangita Prakash Pawar,4000,1300,2438,1060,240,200,60,0,,,,,,
176,A21,Dr. Yogesh Sidhinath Prabhune,10513,2800,6124,2663,240,200,0,0,,,,,,
177,b105,Miss. Snehal Laxman Raskar,4789,1300,2801,1218,240,200,60,0,,,,,,
179,b104,Mrs. Maya Prashant Bhikule,4789,1300,2801,1218,240,200,60,0,,,,,,
180,v601,Mrs. Manisha Prakash Memane,4440,1500,2732,1188,240,200,0,0,,,,,,
182,b106,Mrs. Nirmala Ashok Gajbhiv,7092,2000,4182,1818,240,200,60,0,,,,,,
183,b27,Mrs. Sujata Pravin Pachapande,11883,2100,6432,2797,240,200,60,250,,,,,,
184,A22,Dr. Sandeep Kisan Nevase,7676,2100,4497,1955,240,200,0,0,,,,,,
185,A19,Mr. Rahul Shantaram  Khandge,11666,2600,6562,2853,240,200,0,0,,,,,,
186,v596,Mr. Rahul Dnyaneshwar Sasane,,,,,,,,11300,,,,,,
187,v595,Mrs. Vrushali Dattatraya Rasal,5619,2000,3505,1524,240,200,60,0,,,,,,
190,v602,Mrs. Sarika  Nandkumar Shinde,4440,1500,2732,1188,240,200,0,0,,,,,,
191,v589,Mrs. Pranjali Nilesh Zagade (Lonkar),,,,,,,,9500,,,,,,
192,v592,Mrs. Shilpa Santosh Hagwane,,,,,,,,9500,,,,,,
193,v922,Dr. Pandurang N. Shinde,,,,,,,,12000,,,,,,
194,v513,Dr. Deepak -- Laddha,,,,,,,,15000,,,,,,
195,v599,Dr. Sonam Ramesh Wakchoure,,,,,,,,12000,,,,,,
198,A23,Dr. Smita Sambhaji Gade,7479,2100,4406,1916,240,200,0,0,,,,,,
199,v608,Dr. Balasaheb Dattatraya Gaikwad,,,,,,,,16800,,,,,,
200,v606,Mrs. Sunita Rajendra Talekar,6600,2000,3956,1720,240,200,60,0,,,,,,
201,v607,Mr. Amol Rajaram Zagade,0,0,0,0,0,0,0,17500,,,,,,
203,v610,Ms. Rachana Ramdas Supekar,,,,,,,,6500,,,,,,
204,v611,Mr. Govind Dattaram Zemane,,,,,,,,9500,,,,,,
205,v612,Mr. Santosh Bhanudas Gaikwad,,,,,,,,12000,,,,,,
206,v613,Mr. Rahul Rajaram Tambe,,,,,,,,9500,,,,,,
207,v614,Dr. Ketan Kundalik Mhaske,,,,,,,,16800,,,,,,
208,v615,Mrs. Kanchan Raj Jadhav,,,,,,,,10000,,,,,,
209,v593,Mrs. Urmila  Dattatraya Vikhar,4440,1300,2640,1148,240,200,60,0,,,,,,
210,v603,Ms. Shaila Vasant Dalvi,5848,2000,3610,1570,240,200,60,0,,,,,,
211,d67,Mr. Dongarsing Bharatshing Girase,4789,1300,2801,1218,240,200,60,100,,,,,,
212,v618,Mr. Dattatraya  Namdeo Kunjir,,,,,,,,6000,,,,,,
214,v619,Mr. Dilip  Mahadeo Rachelwar,,,,,,,,6000,,,,,,
215,v620,Mr. Nandkumar Namdeo Firme,,,,,,,,6000,,,,,,
